{"directed": false, "multigraph": false, "graph": [], "nodes": [{"weight": 13, "id": "a"}, {"weight": 15, "id": "b"}, {"weight": 3, "id": "c"}, {"weight": 12, "id": "d"}, {"weight": 1, "id": "e"}, {"weight": 1, "id": "f"}, {"weight": 6, "id": "g"}, {"weight": 4, "id": "h"}, {"weight": 1, "id": "i"}, {"weight": 1, "id": "j"}, {"weight": 1, "id": "k"}, {"weight": 6, "id": "l"}, {"weight": 3, "id": "m"}, {"weight": 3, "id": "n"}], "adjacency": [[{"weight": 8, "id": "b"}, {"weight": 8, "id": "c"}, {"weight": 12, "id": "d"}, {"weight": 2, "id": "e"}, {"weight": 2, "id": "f"}, {"weight": 4, "id": "g"}, {"weight": 4, "id": "h"}, {"weight": 2, "id": "i"}], [{"weight": 8, "id": "a"}, {"weight": 4, "id": "c"}, {"weight": 16, "id": "d"}, {"weight": 6, "id": "g"}, {"weight": 3, "id": "j"}, {"weight": 3, "id": "k"}, {"weight": 3, "id": "h"}, {"weight": 9, "id": "l"}, {"weight": 6, "id": "m"}, {"weight": 6, "id": "n"}], [{"weight": 8, "id": "a"}, {"weight": 4, "id": "b"}, {"weight": 4, "id": "d"}], [{"weight": 12, "id": "a"}, {"weight": 16, "id": "b"}, {"weight": 4, "id": "c"}, {"weight": 2, "id": "e"}, {"weight": 2, "id": "f"}, {"weight": 8, "id": "g"}, {"weight": 6, "id": "h"}, {"weight": 2, "id": "i"}, {"weight": 2, "id": "j"}, {"weight": 2, "id": "k"}, {"weight": 6, "id": "l"}, {"weight": 4, "id": "m"}, {"weight": 4, "id": "n"}], [{"weight": 2, "id": "a"}, {"weight": 2, "id": "d"}, {"weight": 1, "id": "f"}, {"weight": 2, "id": "g"}, {"weight": 2, "id": "h"}, {"weight": 1, "id": "i"}], [{"weight": 2, "id": "a"}, {"weight": 2, "id": "d"}, {"weight": 1, "id": "e"}, {"weight": 2, "id": "g"}, {"weight": 2, "id": "h"}, {"weight": 1, "id": "i"}], [{"weight": 4, "id": "a"}, {"weight": 8, "id": "d"}, {"weight": 2, "id": "e"}, {"weight": 2, "id": "f"}, {"weight": 6, "id": "h"}, {"weight": 2, "id": "i"}, {"weight": 2, "id": "j"}, {"weight": 2, "id": "k"}, {"weight": 6, "id": "b"}], [{"weight": 4, "id": "a"}, {"weight": 6, "id": "d"}, {"weight": 2, "id": "e"}, {"weight": 2, "id": "f"}, {"weight": 6, "id": "g"}, {"weight": 2, "id": "i"}, {"weight": 1, "id": "j"}, {"weight": 1, "id": "k"}, {"weight": 3, "id": "b"}], [{"weight": 2, "id": "a"}, {"weight": 2, "id": "d"}, {"weight": 1, "id": "e"}, {"weight": 1, "id": "f"}, {"weight": 2, "id": "g"}, {"weight": 2, "id": "h"}], [{"weight": 2, "id": "g"}, {"weight": 1, "id": "k"}, {"weight": 1, "id": "h"}, {"weight": 3, "id": "b"}, {"weight": 2, "id": "d"}], [{"weight": 2, "id": "g"}, {"weight": 1, "id": "j"}, {"weight": 1, "id": "h"}, {"weight": 3, "id": "b"}, {"weight": 2, "id": "d"}], [{"weight": 9, "id": "b"}, {"weight": 6, "id": "m"}, {"weight": 6, "id": "n"}, {"weight": 6, "id": "d"}], [{"weight": 6, "id": "b"}, {"weight": 6, "id": "l"}, {"weight": 4, "id": "n"}, {"weight": 4, "id": "d"}], [{"weight": 6, "id": "b"}, {"weight": 6, "id": "l"}, {"weight": 4, "id": "m"}, {"weight": 4, "id": "d"}]]}