{"a": {"id": 0, "tf": 6, "posting_list": [[1, 4], [2, 2]], "nwk": 0.215, "term": "a"}, "b": {"id": 1, "tf": 8, "posting_list": [[1, 2], [3, 3], [4, 3]], "nwk": 0.201, "term": "b"}, "c": {"id": 2, "tf": 2, "posting_list": [[1, 2]], "nwk": 0.868, "term": "c"}, "d": {"id": 3, "tf": 8, "posting_list": [[1, 2], [2, 2], [3, 2], [4, 2]], "nwk": 0.175, "term": "d"}, "e": {"id": 4, "tf": 1, "posting_list": [[2, 1]], "nwk": 0.478, "term": "e"}, "f": {"id": 5, "tf": 1, "posting_list": [[2, 1]], "nwk": 0.478, "term": "f"}, "g": {"id": 6, "tf": 4, "posting_list": [[2, 2], [3, 2]], "nwk": 0.274, "term": "g"}, "h": {"id": 7, "tf": 3, "posting_list": [[2, 2], [3, 1]], "nwk": 0.299, "term": "h"}, "i": {"id": 8, "tf": 1, "posting_list": [[2, 1]], "nwk": 0.478, "term": "i"}, "j": {"id": 9, "tf": 1, "posting_list": [[3, 1]], "nwk": 0.549, "term": "j"}, "k": {"id": 10, "tf": 1, "posting_list": [[3, 1]], "nwk": 0.549, "term": "k"}, "l": {"id": 11, "tf": 3, "posting_list": [[4, 3]], "nwk": 0.628, "term": "l"}, "m": {"id": 12, "tf": 2, "posting_list": [[4, 2]], "nwk": 0.762, "term": "m"}, "n": {"id": 13, "tf": 2, "posting_list": [[4, 2]], "nwk": 0.762, "term": "n"}}